{"averages": [11.0, 14.0, 21.333333333333332, 19.75, 22.4, 26.666666666666668, 25.0, 23.25, 21.666666666666668, 21.6, 23.636363636363637, 23.166666666666668, 22.923076923076923, 23.428571428571427, 23.533333333333335, 22.8125, 22.11764705882353, 22.166666666666668, 22.105263157894736, 22.25, 21.904761904761905, 22.863636363636363, 23.08695652173913, 22.875, 23.76, 23.96153846153846, 23.48148148148148, 23.142857142857142, 22.82758620689655, 23.433333333333334, 23.193548387096776, 22.8125, 22.515151515151516, 22.352941176470587, 22.057142857142857, 22.055555555555557, 21.864864864864863, 21.63157894736842, 21.53846153846154, 21.775, 21.926829268292682, 21.714285714285715, 21.627906976744185, 21.386363636363637, 21.666666666666668, 21.456521739130434, 21.70212765957447, 22.270833333333332, 22.122448979591837, 21.86, 22.84, 23.06, 22.88, 22.84, 22.42, 22.56, 22.76, 23.8, 24.94, 24.96, 25.02, 25.4, 25.56, 26.54, 27.06, 32.24, 36.74, 39.3, 42.2, 45.64, 50.36, 53.38, 57.76, 62.78, 67.54, 70.88, 73.88, 76.94, 79.98, 82.66, 85.76, 89.72, 92.22, 94.64, 98.5, 101.88, 105.62, 109.52, 115.74, 119.56, 123.28, 125.52, 128.34, 136.04, 139.26, 143.2, 146.82, 150.04, 153.56, 159.16, 163.6, 169.72, 172.74, 176.14, 179.2, 181.42, 182.52, 186.06, 188.86, 191.32, 193.52, 195.88, 198.56, 201.28, 201.24, 196.74, 193.6, 193.24, 192.56, 191.74, 189.7, 188.58, 186.46, 183.52, 180.3, 178.94, 178.26, 177.64, 176.96, 175.92, 174.82, 173.1, 172.98, 172.84, 171.06, 169.94, 168.22, 166.26, 161.92, 160.32, 158.3, 156.14, 155.14, 147.5, 143.86, 139.92, 137.62, 137.36, 137.46, 134.88], "episodes": [1, 2, 3, 4, 5, 6, 7, 8, 9, 10, 11, 12, 13, 14, 15, 16, 17, 18, 19, 20, 21, 22, 23, 24, 25, 26, 27, 28, 29, 30, 31, 32, 33, 34, 35, 36, 37, 38, 39, 40, 41, 42, 43, 44, 45, 46, 47, 48, 49, 50, 51, 52, 53, 54, 55, 56, 57, 58, 59, 60, 61, 62, 63, 64, 65, 66, 67, 68, 69, 70, 71, 72, 73, 74, 75, 76, 77, 78, 79, 80, 81, 82, 83, 84, 85, 86, 87, 88, 89, 90, 91, 92, 93, 94, 95, 96, 97, 98, 99, 100, 101, 102, 103, 104, 105, 106, 107, 108, 109, 110, 111, 112, 113, 114, 115, 116, 117, 118, 119, 120, 121, 122, 123, 124, 125, 126, 127, 128, 129, 130, 131, 132, 133, 134, 135, 136, 137, 138, 139, 140, 141, 142, 143, 144, 145, 146, 147, 148, 149, 150], "scores": [11, 17, 36, 15, 33, 48, 15, 11, 9, 21, 44, 18, 20, 30, 25, 12, 11, 23, 21, 25, 15, 43, 28, 18, 45, 29, 11, 14, 14, 41, 16, 11, 13, 17, 12, 22, 15, 13, 18, 31, 28, 13, 18, 11, 34, 12, 33, 49, 15, 9, 60, 28, 27, 13, 12, 55, 25, 63, 66, 22, 47, 37, 28, 79, 51, 271, 236, 151, 166, 197, 251, 194, 247, 269, 283, 196, 161, 167, 166, 175, 171, 209, 138, 138, 205, 191, 202, 208, 329, 222, 214, 125, 159, 396, 195, 209, 214, 210, 191, 289, 282, 334, 178, 183, 165, 166, 80, 240, 206, 145, 157, 155, 162, 215, 49, 46, 79, 133, 132, 156, 149, 138, 141, 122, 122, 128, 127, 136, 132, 123, 116, 123, 132, 131, 116, 135, 116, 110, 112, 142, 113, 17, 109, 14, 13, 12, 99, 197, 196, 160]}