{"episodes": [1, 2, 3, 4, 5, 6, 7, 8, 9, 10, 11, 12, 13, 14, 15, 16, 17, 18, 19, 20, 21, 22, 23, 24, 25, 26, 27, 28, 29, 30, 31, 32, 33, 34, 35, 36, 37, 38, 39, 40, 41, 42, 43, 44, 45, 46, 47, 48, 49, 50, 51, 52, 53, 54, 55, 56, 57, 58, 59, 60, 61, 62, 63, 64, 65, 66, 67, 68, 69, 70, 71, 72, 73, 74, 75, 76, 77, 78, 79, 80, 81, 82, 83, 84, 85, 86, 87, 88, 89, 90, 91, 92, 93, 94, 95, 96, 97, 98, 99, 100, 101, 102, 103, 104, 105, 106, 107, 108, 109, 110, 111, 112, 113, 114, 115, 116, 117, 118, 119, 120, 121, 122, 123, 124, 125, 126, 127, 128, 129, 130, 131, 132, 133, 134, 135, 136, 137, 138, 139, 140, 141, 142, 143, 144, 145, 146, 147, 148, 149, 150], "scores": [20, 16, 24, 64, 22, 24, 14, 18, 35, 13, 49, 16, 15, 19, 26, 11, 12, 22, 17, 50, 9, 55, 28, 43, 27, 12, 26, 10, 17, 25, 14, 29, 13, 23, 11, 24, 52, 20, 18, 23, 24, 14, 28, 17, 13, 84, 15, 11, 25, 34, 12, 9, 37, 35, 19, 63, 38, 18, 54, 54, 90, 202, 22, 424, 247, 315, 231, 186, 258, 244, 230, 161, 212, 225, 154, 184, 299, 270, 208, 323, 253, 417, 277, 227, 345, 215, 317, 258, 237, 244, 226, 270, 273, 216, 267, 255, 224, 323, 228, 343, 310, 215, 262, 299, 308, 284, 216, 270, 229, 233, 229, 286, 321, 426, 271, 257, 217, 197, 235, 228, 214, 214, 245, 251, 212, 229, 222, 196, 236, 221, 223, 209, 210, 215, 194, 192, 289, 208, 192, 260, 192, 183, 220, 216, 212, 137, 193, 147, 157, 232], "averages": [20.0, 18.0, 20.0, 31.0, 29.2, 28.333333333333332, 26.285714285714285, 25.25, 26.333333333333332, 25.0, 27.181818181818183, 26.25, 25.384615384615383, 24.928571428571427, 25.0, 24.125, 23.41176470588235, 23.333333333333332, 23.0, 24.35, 23.61904761904762, 25.045454545454547, 25.17391304347826, 25.916666666666668, 25.96, 25.423076923076923, 25.444444444444443, 24.892857142857142, 24.620689655172413, 24.633333333333333, 24.29032258064516, 24.4375, 24.09090909090909, 24.058823529411764, 23.685714285714287, 23.694444444444443, 24.45945945945946, 24.342105263157894, 24.17948717948718, 24.15, 24.146341463414632, 23.904761904761905, 24.0, 23.84090909090909, 23.6, 24.91304347826087, 24.70212765957447, 24.416666666666668, 24.428571428571427, 24.62, 24.46, 24.32, 24.58, 24.0, 23.94, 24.72, 25.2, 25.2, 25.58, 26.4, 27.22, 30.94, 31.08, 39.18, 43.6, 49.68, 54.06, 57.34, 62.16, 66.04, 70.46, 72.58, 76.26, 79.9, 82.44, 85.88, 91.34, 96.54, 100.36, 106.32, 111.1, 118.86, 124.14, 128.22, 134.9, 138.72, 144.02, 148.78, 153.16, 157.58, 161.62, 166.74, 171.64, 175.62, 180.7, 184.12, 188.3, 194.54, 198.6, 204.78, 210.74, 214.86, 219.36, 224.64, 230.42, 234.84, 238.4, 243.44, 246.94, 250.52, 253.3, 254.98, 260.96, 261.0, 261.48, 260.32, 260.04, 260.26, 259.8, 259.48, 259.16, 260.22, 260.88, 261.4, 262.56, 263.46, 261.92, 260.44, 261.0, 258.96, 258.36, 254.2, 252.86, 252.62, 249.6, 249.14, 248.58, 247.58, 246.68, 247.0, 246.32, 244.58, 243.52, 243.52, 242.42, 240.06, 239.44, 235.92, 234.5, 232.28]}