{"averages": [18.0, 16.5, 15.0, 15.5, 17.8, 18.0, 17.285714285714285, 17.375, 17.22222222222222, 17.5, 16.636363636363637, 16.583333333333332, 19.615384615384617, 21.857142857142858, 21.4, 22.0625, 21.470588235294116, 21.22222222222222, 20.94736842105263, 20.45, 21.0, 21.772727272727273, 21.52173913043478, 21.833333333333332, 22.8, 22.615384615384617, 22.666666666666668, 22.392857142857142, 22.137931034482758, 22.066666666666666, 21.903225806451612, 21.96875, 21.939393939393938, 22.352941176470587, 22.2, 22.0, 21.89189189189189, 21.710526315789473, 21.71794871794872, 21.575, 21.48780487804878, 21.428571428571427, 21.441860465116278, 22.0, 22.57777777777778, 22.32608695652174, 22.148936170212767, 22.416666666666668, 22.510204081632654, 23.44, 24.24, 24.2, 25.18, 25.36, 25.3, 25.96, 26.78, 27.06, 29.06, 31.24, 31.66, 34.86, 35.44, 38.02, 42.16, 47.32, 51.84, 55.12, 59.26, 62.84, 67.9, 72.24, 78.14, 81.48, 85.46, 89.92, 97.6, 103.52, 107.44, 117.08, 128.84, 133.16, 144.6, 152.7, 160.26, 164.52, 173.18, 181.26, 191.42, 195.94, 200.4, 204.58, 207.74, 211.32, 214.64, 218.26, 222.58, 226.82, 230.2, 232.92, 235.28, 239.36, 242.14, 245.24, 248.46, 250.86, 253.5, 256.16, 257.58, 258.14, 261.0, 258.92, 257.88, 254.84, 250.94, 245.98, 242.12, 239.6, 235.74, 232.5, 227.84, 223.84, 221.02, 220.48, 220.12, 215.78, 211.54, 207.54, 204.86, 199.08, 190.56, 189.3, 180.84, 175.04, 170.72, 168.82, 162.78, 158.14, 150.92, 148.78, 146.92, 145.92, 145.34, 144.18, 142.76, 141.5, 140.2, 138.64, 138.38, 137.1], "episodes": [1, 2, 3, 4, 5, 6, 7, 8, 9, 10, 11, 12, 13, 14, 15, 16, 17, 18, 19, 20, 21, 22, 23, 24, 25, 26, 27, 28, 29, 30, 31, 32, 33, 34, 35, 36, 37, 38, 39, 40, 41, 42, 43, 44, 45, 46, 47, 48, 49, 50, 51, 52, 53, 54, 55, 56, 57, 58, 59, 60, 61, 62, 63, 64, 65, 66, 67, 68, 69, 70, 71, 72, 73, 74, 75, 76, 77, 78, 79, 80, 81, 82, 83, 84, 85, 86, 87, 88, 89, 90, 91, 92, 93, 94, 95, 96, 97, 98, 99, 100, 101, 102, 103, 104, 105, 106, 107, 108, 109, 110, 111, 112, 113, 114, 115, 116, 117, 118, 119, 120, 121, 122, 123, 124, 125, 126, 127, 128, 129, 130, 131, 132, 133, 134, 135, 136, 137, 138, 139, 140, 141, 142, 143, 144, 145, 146, 147, 148, 149, 150], "scores": [18, 15, 12, 17, 27, 19, 13, 18, 16, 20, 8, 16, 56, 51, 15, 32, 12, 17, 16, 11, 32, 38, 16, 29, 46, 18, 24, 15, 15, 20, 17, 24, 21, 36, 17, 15, 18, 15, 22, 16, 18, 19, 22, 46, 48, 11, 14, 35, 27, 69, 58, 13, 61, 26, 24, 52, 54, 32, 116, 129, 29, 176, 85, 180, 222, 290, 238, 181, 223, 190, 285, 255, 311, 196, 245, 241, 408, 311, 211, 502, 605, 240, 593, 441, 395, 228, 451, 419, 530, 242, 241, 228, 180, 225, 214, 192, 230, 247, 196, 205, 176, 217, 200, 181, 185, 172, 186, 165, 187, 157, 172, 72, 33, 28, 27, 42, 45, 55, 30, 28, 52, 55, 170, 169, 227, 24, 196, 111, 77, 213, 179, 177, 170, 151, 179, 133, 149, 187, 169, 135, 148, 178, 151, 167, 143, 129, 165, 169, 183, 141]}