{"averages": [32.0, 22.5, 22.0, 20.25, 22.0, 24.333333333333332, 24.285714285714285, 25.625, 25.444444444444443, 24.1, 23.0, 22.5, 22.53846153846154, 22.785714285714285, 22.6, 22.3125, 22.41176470588235, 24.38888888888889, 23.57894736842105, 23.1, 23.0, 23.59090909090909, 23.26086956521739, 23.708333333333332, 23.52, 23.115384615384617, 22.703703703703702, 22.5, 22.17241379310345, 22.3, 22.129032258064516, 22.34375, 22.21212121212121, 22.558823529411764, 22.885714285714286, 23.305555555555557, 23.594594594594593, 23.36842105263158, 23.025641025641026, 22.775, 22.51219512195122, 22.261904761904763, 22.13953488372093, 22.386363636363637, 22.22222222222222, 22.282608695652176, 22.21276595744681, 21.958333333333332, 21.979591836734695, 21.96, 22.3, 22.26, 22.46, 22.48, 22.34, 22.5, 23.1, 23.5, 23.46, 24.46, 26.54, 27.5, 31.16, 35.4, 39.78, 43.08, 46.74, 48.72, 56.08, 59.88, 62.82, 66.94, 71.3, 75.86, 79.58, 84.76, 88.3, 92.22, 96.1, 105.26, 109.52, 114.68, 118.46, 121.3, 127.82, 132.64, 137.66, 140.2, 144.48, 149.02, 154.18, 158.06, 164.12, 168.32, 174.66, 179.0, 182.52, 187.06, 195.04, 201.22, 208.26, 213.32, 226.36, 232.76, 239.82, 247.82, 251.86, 259.58, 274.22, 292.14, 291.86, 292.26, 292.18, 297.18, 297.76, 299.78, 299.08, 299.7, 292.4, 291.86, 291.96, 290.74, 290.32, 289.52, 293.16, 295.94, 292.76, 292.9, 296.06, 292.52, 297.14, 299.0, 299.36, 305.84, 307.04, 308.9, 308.54, 311.8, 314.22, 316.02, 321.54, 321.54, 321.96, 321.6, 319.32, 318.52, 319.74, 318.94, 315.04, 312.6], "episodes": [1, 2, 3, 4, 5, 6, 7, 8, 9, 10, 11, 12, 13, 14, 15, 16, 17, 18, 19, 20, 21, 22, 23, 24, 25, 26, 27, 28, 29, 30, 31, 32, 33, 34, 35, 36, 37, 38, 39, 40, 41, 42, 43, 44, 45, 46, 47, 48, 49, 50, 51, 52, 53, 54, 55, 56, 57, 58, 59, 60, 61, 62, 63, 64, 65, 66, 67, 68, 69, 70, 71, 72, 73, 74, 75, 76, 77, 78, 79, 80, 81, 82, 83, 84, 85, 86, 87, 88, 89, 90, 91, 92, 93, 94, 95, 96, 97, 98, 99, 100, 101, 102, 103, 104, 105, 106, 107, 108, 109, 110, 111, 112, 113, 114, 115, 116, 117, 118, 119, 120, 121, 122, 123, 124, 125, 126, 127, 128, 129, 130, 131, 132, 133, 134, 135, 136, 137, 138, 139, 140, 141, 142, 143, 144, 145, 146, 147, 148, 149, 150], "scores": [32, 13, 21, 15, 29, 36, 24, 35, 24, 12, 12, 17, 23, 26, 20, 18, 24, 58, 9, 14, 21, 36, 16, 34, 19, 13, 12, 17, 13, 26, 17, 29, 18, 34, 34, 38, 34, 15, 10, 13, 12, 12, 17, 33, 15, 25, 19, 10, 23, 21, 49, 11, 31, 16, 22, 44, 54, 55, 22, 62, 116, 65, 206, 238, 239, 183, 207, 157, 377, 204, 168, 242, 234, 262, 205, 272, 189, 213, 207, 484, 230, 287, 207, 176, 360, 279, 285, 142, 224, 240, 270, 206, 320, 243, 332, 242, 195, 237, 422, 330, 401, 264, 683, 336, 375, 444, 256, 441, 754, 958, 102, 85, 202, 488, 268, 284, 172, 188, 12, 177, 173, 181, 213, 222, 387, 411, 30, 220, 365, 307, 461, 380, 225, 500, 420, 372, 267, 305, 345, 330, 546, 206, 341, 225, 218, 202, 256, 197, 227, 208]}