{"scores": [29, 12, 13, 22, 33, 16, 17, 14, 30, 21, 31, 30, 38, 13, 12, 17, 22, 11, 36, 10, 18, 22, 13, 15, 10, 20, 43, 16, 14, 20, 13, 23, 14, 14, 18, 12, 14, 18, 23, 24, 19, 15, 30, 24, 48, 9, 18, 30, 60, 26, 13, 12, 12, 59, 62, 42, 33, 16, 105, 31, 52, 101, 328, 312, 477, 205, 185, 194, 209, 174, 301, 478, 492, 194, 180, 263, 394, 270, 114, 287, 52, 132, 82, 59, 117, 55, 59, 62, 17, 24, 83, 86, 109, 180, 53, 174, 276, 665, 527, 1853, 1377, 49, 555, 263, 141, 136, 93, 282, 378, 207, 1278, 363, 179, 4000, 123, 4000, 39, 4000, 175, 4000, 42, 4000, 107, 16, 2702, 4000, 4000, 4000, 23, 17, 4000, 167, 584, 4000, 12, 123, 35, 18, 19, 91, 91, 58, 341, 388, 367, 1988, 222, 137, 466, 142], "averages": [29.0, 20.5, 18.0, 19.0, 21.8, 20.833333333333332, 20.285714285714285, 19.5, 20.666666666666668, 20.7, 21.636363636363637, 22.333333333333332, 23.53846153846154, 22.785714285714285, 22.066666666666666, 21.75, 21.764705882352942, 21.166666666666668, 21.94736842105263, 21.35, 21.19047619047619, 21.227272727272727, 20.869565217391305, 20.625, 20.2, 20.192307692307693, 21.037037037037038, 20.857142857142858, 20.620689655172413, 20.6, 20.35483870967742, 20.4375, 20.242424242424242, 20.058823529411764, 20.0, 19.77777777777778, 19.62162162162162, 19.57894736842105, 19.666666666666668, 19.775, 19.75609756097561, 19.642857142857142, 19.88372093023256, 19.977272727272727, 20.6, 20.347826086956523, 20.29787234042553, 20.5, 21.306122448979593, 21.4, 21.08, 21.08, 21.06, 21.8, 22.38, 22.9, 23.22, 23.26, 24.76, 24.96, 25.38, 26.8, 32.6, 38.58, 47.88, 51.64, 54.9, 58.56, 62.02, 65.3, 70.96, 80.08, 89.66, 93.24, 96.64, 101.5, 108.52, 113.6, 115.6, 120.94, 121.72, 123.9, 125.26, 126.16, 128.14, 129.0, 129.9, 130.78, 130.66, 130.66, 131.94, 133.36, 134.94, 138.06, 138.16, 141.46, 146.62, 159.32, 168.66, 205.2, 232.48, 233.22, 244.08, 248.16, 249.74, 251.62, 252.82, 258.14, 263.6, 267.12, 291.64, 296.88, 293.9, 367.66, 360.58, 436.48, 433.56, 509.68, 509.0, 585.52, 580.34, 650.78, 643.08, 639.52, 689.96, 764.7, 836.82, 911.42, 909.6, 904.2, 983.16, 983.86, 993.9, 1072.72, 1070.62, 1071.98, 1071.5, 1070.62, 1070.66, 1072.0, 1072.16, 1071.6, 1076.24, 1080.4, 1086.68, 1122.96, 1121.88, 1111.32, 1110.1, 1075.88], "episodes": [1, 2, 3, 4, 5, 6, 7, 8, 9, 10, 11, 12, 13, 14, 15, 16, 17, 18, 19, 20, 21, 22, 23, 24, 25, 26, 27, 28, 29, 30, 31, 32, 33, 34, 35, 36, 37, 38, 39, 40, 41, 42, 43, 44, 45, 46, 47, 48, 49, 50, 51, 52, 53, 54, 55, 56, 57, 58, 59, 60, 61, 62, 63, 64, 65, 66, 67, 68, 69, 70, 71, 72, 73, 74, 75, 76, 77, 78, 79, 80, 81, 82, 83, 84, 85, 86, 87, 88, 89, 90, 91, 92, 93, 94, 95, 96, 97, 98, 99, 100, 101, 102, 103, 104, 105, 106, 107, 108, 109, 110, 111, 112, 113, 114, 115, 116, 117, 118, 119, 120, 121, 122, 123, 124, 125, 126, 127, 128, 129, 130, 131, 132, 133, 134, 135, 136, 137, 138, 139, 140, 141, 142, 143, 144, 145, 146, 147, 148, 149, 150]}